id,name,model_id:id,group_id:id,perm_read,perm_write,perm_create,perm_unlink
access_dataport_export_saft,access.dataport.export.saft,model_dataport_export_saft,account.group_account_invoice,1,1,1,1
access_l10n_pt_account_saft_import,access.l10n_pt.account.saft.import,model_l10n_pt_account_saft_import,account.group_account_invoice,1,1,1,1
access_l10n_pt_import_saft_configuration,access.l10n_pt.import.saft.configuration,model_l10n_pt_import_saft_configuration,account.group_account_readonly,1,0,0,0
access_l10n_pt_import_saft_configuration_invoice,access.l10n_pt.import.saft.configuration.invoice,model_l10n_pt_import_saft_configuration,account.group_account_invoice,1,1,1,1
access_l10n_pt_partner_changelog,access.l10n_pt.partner.changelog,model_l10n_pt_partner_changelog,account.group_account_invoice,1,1,1,1
access_l10n_pt_product_changelog,access.l10n_pt.product.changelog,model_l10n_pt_product_changelog,account.group_account_invoice,1,1,1,1
access_l10n_pt_account_saft_import_readonly,access.l10n_pt.account.saft.import.readonly,model_l10n_pt_account_saft_import,account.group_account_readonly,1,0,0,0
access_l10n_pt_partner_changelog_readonly,access.l10n_pt.partner.changelog.readonly,model_l10n_pt_partner_changelog,account.group_account_readonly,1,0,0,0
access_l10n_pt_product_changelog_readonly,access.l10n_pt.product.changelog.readonly,model_l10n_pt_product_changelog,account.group_account_readonly,1,0,0,0
