id,code,name
hr_tax_office_19,19,AGUEDA
hr_tax_office_27,27,ALBERGARIA-A-VELHA
hr_tax_office_35,35,ANADIA
hr_tax_office_43,43,AROUCA
hr_tax_office_51,51,AVEIRO-1.
hr_tax_office_60,60,CASTELO DE PAIVA
hr_tax_office_78,78,ESPINHO
hr_tax_office_86,86,ESTARREJA
hr_tax_office_94,94,FEIRA-1
hr_tax_office_108,108,ILHAVO
hr_tax_office_116,116,MEALHADA
hr_tax_office_124,124,MURTOSA
hr_tax_office_132,132,OLIVEIRA AZEMEIS
hr_tax_office_140,140,OLIVEIRA DO BAIRRO
hr_tax_office_159,159,OVAR
hr_tax_office_167,167,S. JOAO DA MADEIRA
hr_tax_office_175,175,SEVER DO VOUGA
hr_tax_office_183,183,VAGOS
hr_tax_office_191,191,VALE DE CAMBRA
hr_tax_office_205,205,ALJUSTREL
hr_tax_office_213,213,ALMODOVAR
hr_tax_office_221,221,ALVITO
hr_tax_office_230,230,BARRANCOS
hr_tax_office_248,248,BEJA
hr_tax_office_256,256,CASTRO VERDE
hr_tax_office_264,264,CUBA
hr_tax_office_272,272,FERREIRA DO ALENTEJO
hr_tax_office_280,280,MERTOLA
hr_tax_office_299,299,MOURA
hr_tax_office_302,302,ODEMIRA
hr_tax_office_310,310,OURIQUE
hr_tax_office_329,329,SERPA
hr_tax_office_337,337,VIDIGUEIRA
hr_tax_office_345,345,AMARES
hr_tax_office_353,353,BARCELOS
hr_tax_office_361,361,BRAGA-1.
hr_tax_office_370,370,CABECEIRAS DE BASTO
hr_tax_office_388,388,CELORICO DE BASTO
hr_tax_office_396,396,ESPOSENDE
hr_tax_office_400,400,FAFE
hr_tax_office_418,418,GUIMARAES-1.
hr_tax_office_426,426,POVOA DE LANHOSO
hr_tax_office_434,434,TERRAS DE BOURO
hr_tax_office_442,442,VIEIRA DO MINHO
hr_tax_office_450,450,VILA N.FAMALICAO-1.
hr_tax_office_469,469,VILA VERDE
hr_tax_office_477,477,ALFANDEGA DA FE
hr_tax_office_485,485,BRAGANCA
hr_tax_office_493,493,CARRAZEDA DE ANSIAES
hr_tax_office_507,507,FR DE ESPADA A CINTA
hr_tax_office_515,515,MACEDO DE CAVALEIROS
hr_tax_office_523,523,MIRANDA DO DOURO
hr_tax_office_531,531,MIRANDELA
hr_tax_office_540,540,MOGADOURO
hr_tax_office_558,558,TORRE DE MONCORVO
hr_tax_office_566,566,VILA FLOR
hr_tax_office_574,574,VIMIOSO
hr_tax_office_582,582,VINHAIS
hr_tax_office_590,590,BELMONTE
hr_tax_office_604,604,CASTELO BRANCO-1.
hr_tax_office_612,612,COVILHA
hr_tax_office_620,620,FUNDAO
hr_tax_office_639,639,IDANHA-A-NOVA
hr_tax_office_647,647,OLEIROS
hr_tax_office_655,655,PENAMACOR
hr_tax_office_663,663,PROENCA-A-NOVA
hr_tax_office_671,671,SERTA
hr_tax_office_680,680,VILA DE REI
hr_tax_office_698,698,VILA VELHA DE RODAO
hr_tax_office_701,701,ARGANIL
hr_tax_office_710,710,CANTANHEDE
hr_tax_office_728,728,COIMBRA-1.
hr_tax_office_736,736,CONDEIXA-A-NOVA
hr_tax_office_744,744,FIGUEIRA DA FOZ-1.
hr_tax_office_752,752,GOIS
hr_tax_office_760,760,LOUSA
hr_tax_office_779,779,MIRA
hr_tax_office_787,787,MIRANDA DO CORVO
hr_tax_office_795,795,MONTEMOR-O-VELHO
hr_tax_office_809,809,OLIVEIRA DO HOSPITAL
hr_tax_office_817,817,PAMPILHOSA DA SERRA
hr_tax_office_825,825,PENACOVA
hr_tax_office_833,833,PENELA
hr_tax_office_841,841,VILA NOVA DE POIARES
hr_tax_office_850,850,SOURE
hr_tax_office_868,868,TABUA
hr_tax_office_876,876,ALANDROAL
hr_tax_office_884,884,ARRAIOLOS
hr_tax_office_892,892,BORBA
hr_tax_office_906,906,ESTREMOZ
hr_tax_office_914,914,EVORA
hr_tax_office_922,922,MONTEMOR-O-NOVO
hr_tax_office_930,930,MORA
hr_tax_office_949,949,MOURAO
hr_tax_office_957,957,PORTEL
hr_tax_office_965,965,REDONDO
hr_tax_office_973,973,REGUENGOS DE MONSARAZ
hr_tax_office_981,981,VIANA DO ALENTEJO
hr_tax_office_990,990,VILA VICOSA
hr_tax_office_1007,1007,ALBUFEIRA
hr_tax_office_1015,1015,ALCOUTIM
hr_tax_office_1023,1023,ALJEZUR
hr_tax_office_1031,1031,S.BRAS DE ALPORTEL
hr_tax_office_1040,1040,CASTRO MARIM
hr_tax_office_1058,1058,FARO
hr_tax_office_1066,1066,LAGOA (ALGARVE)
hr_tax_office_1074,1074,LAGOS
hr_tax_office_1082,1082,LOULE-1
hr_tax_office_1090,1090,MONCHIQUE
hr_tax_office_1104,1104,OLHAO
hr_tax_office_1112,1112,PORTIMAO
hr_tax_office_1120,1120,SILVES
hr_tax_office_1139,1139,TAVIRA
hr_tax_office_1147,1147,VILA DO BISPO
hr_tax_office_1155,1155,VILA REAL S.ANTONIO
hr_tax_office_1163,1163,AGUIAR DA BEIRA
hr_tax_office_1171,1171,ALMEIDA
hr_tax_office_1180,1180,CELORICO DA BEIRA
hr_tax_office_1198,1198,FIG. CASTELO RODRIGO
hr_tax_office_1201,1201,FORNOS DE ALGODRES
hr_tax_office_1210,1210,GOUVEIA
hr_tax_office_1228,1228,GUARDA
hr_tax_office_1236,1236,MANTEIGAS
hr_tax_office_1244,1244,MEDA
hr_tax_office_1252,1252,PINHEL
hr_tax_office_1260,1260,SABUGAL
hr_tax_office_1279,1279,SEIA
hr_tax_office_1287,1287,TRANCOSO
hr_tax_office_1295,1295,VILA NOVA DE FOZ COA
hr_tax_office_1309,1309,ALCOBACA
hr_tax_office_1317,1317,ALVAIAZERE
hr_tax_office_1325,1325,ANSIAO
hr_tax_office_1333,1333,BATALHA
hr_tax_office_1341,1341,BOMBARRAL
hr_tax_office_1350,1350,CALDAS DA RAINHA
hr_tax_office_1368,1368,CASTANHEIRA DE PERA
hr_tax_office_1376,1376,FIGUEIRO DOS VINHOS
hr_tax_office_1384,1384,LEIRIA-1.
hr_tax_office_1392,1392,MARINHA GRANDE
hr_tax_office_1406,1406,NAZARE
hr_tax_office_1414,1414,OBIDOS
hr_tax_office_1422,1422,PEDROGAO GRANDE
hr_tax_office_1430,1430,PENICHE
hr_tax_office_1449,1449,POMBAL
hr_tax_office_1457,1457,PORTO DE MOS
hr_tax_office_1465,1465,ALENQUER
hr_tax_office_1473,1473,ARRUDA DOS VINHOS
hr_tax_office_1481,1481,AZAMBUJA
hr_tax_office_1490,1490,CADAVAL
hr_tax_office_1503,1503,CASCAIS-1.
hr_tax_office_1520,1520,LOURES-1
hr_tax_office_1538,1538,LOURINHA
hr_tax_office_1546,1546,MAFRA
hr_tax_office_1554,1554,OEIRAS-1.
hr_tax_office_1562,1562,SINTRA-1
hr_tax_office_1570,1570,SOBRAL MONTE AGRACO
hr_tax_office_1589,1589,TORRES VEDRAS
hr_tax_office_1597,1597,VILA FRANCA XIRA-1
hr_tax_office_1600,1600,ALTER DO CHAO
hr_tax_office_1619,1619,ARRONCHES
hr_tax_office_1627,1627,AVIS
hr_tax_office_1635,1635,CAMPO MAIOR
hr_tax_office_1643,1643,CASTELO DE VIDE
hr_tax_office_1651,1651,CRATO
hr_tax_office_1660,1660,ELVAS
hr_tax_office_1678,1678,FRONTEIRA
hr_tax_office_1686,1686,GAVIAO
hr_tax_office_1694,1694,MARVAO
hr_tax_office_1708,1708,MONFORTE
hr_tax_office_1716,1716,NISA
hr_tax_office_1724,1724,PONTE DE SOR
hr_tax_office_1732,1732,PORTALEGRE
hr_tax_office_1740,1740,SOUSEL
hr_tax_office_1759,1759,AMARANTE
hr_tax_office_1767,1767,BAIAO
hr_tax_office_1775,1775,FELGUEIRAS
hr_tax_office_1783,1783,GONDOMAR-1
hr_tax_office_1791,1791,LOUSADA
hr_tax_office_1805,1805,MAIA
hr_tax_office_1813,1813,MARCO DE CANAVESES
hr_tax_office_1821,1821,MATOSINHOS-1
hr_tax_office_1830,1830,PACOS DE FERREIRA
hr_tax_office_1848,1848,PAREDES
hr_tax_office_1856,1856,PENAFIEL
hr_tax_office_1872,1872,POVOA DE VARZIM
hr_tax_office_1880,1880,SANTO TIRSO
hr_tax_office_1899,1899,VALONGO-1.
hr_tax_office_1902,1902,VILA DO CONDE
hr_tax_office_1910,1910,VILA NOVA DE GAIA-1.
hr_tax_office_1929,1929,ABRANTES
hr_tax_office_1937,1937,ALCANENA
hr_tax_office_1945,1945,ALMEIRIM
hr_tax_office_1953,1953,ALPIARCA
hr_tax_office_1961,1961,VILA N. DA BARQUINHA
hr_tax_office_1970,1970,BENAVENTE
hr_tax_office_1988,1988,CARTAXO
hr_tax_office_1996,1996,CHAMUSCA
hr_tax_office_2003,2003,CONSTANCIA
hr_tax_office_2011,2011,CORUCHE
hr_tax_office_2020,2020,ENTRONCAMENTO
hr_tax_office_2038,2038,FERREIRA DO ZEZERE
hr_tax_office_2046,2046,GOLEGA
hr_tax_office_2054,2054,MACAO
hr_tax_office_2062,2062,RIO MAIOR
hr_tax_office_2070,2070,SALVATERRA DE MAGOS
hr_tax_office_2089,2089,SANTAREM
hr_tax_office_2097,2097,SARDOAL
hr_tax_office_2100,2100,TOMAR
hr_tax_office_2119,2119,TORRES NOVAS
hr_tax_office_2127,2127,OUREM
hr_tax_office_2135,2135,ALCACER DO SAL
hr_tax_office_2143,2143,ALCOCHETE
hr_tax_office_2151,2151,ALMADA-1.
hr_tax_office_2160,2160,BARREIRO
hr_tax_office_2178,2178,GRANDOLA
hr_tax_office_2186,2186,MOITA
hr_tax_office_2194,2194,MONTIJO
hr_tax_office_2208,2208,PALMELA
hr_tax_office_2216,2216,SANTIAGO DO CACEM
hr_tax_office_2224,2224,SEIXAL 1.
hr_tax_office_2232,2232,SETUBAL-1.
hr_tax_office_2240,2240,SESIMBRA
hr_tax_office_2259,2259,SINES
hr_tax_office_2267,2267,ARCOS DE VALDEVEZ
hr_tax_office_2275,2275,CAMINHA
hr_tax_office_2283,2283,MELGACO
hr_tax_office_2291,2291,MONCAO
hr_tax_office_2305,2305,PAREDES DE COURA
hr_tax_office_2313,2313,PONTE DA BARCA
hr_tax_office_2321,2321,PONTE DE LIMA
hr_tax_office_2330,2330,VALENÇA
hr_tax_office_2348,2348,VIANA DO CASTELO
hr_tax_office_2356,2356,VILA NOVA CERVEIRA
hr_tax_office_2364,2364,ALIJO
hr_tax_office_2372,2372,BOTICAS
hr_tax_office_2380,2380,CHAVES
hr_tax_office_2399,2399,MESAO FRIO
hr_tax_office_2402,2402,MONDIM DE BASTO
hr_tax_office_2410,2410,MONTALEGRE
hr_tax_office_2429,2429,MURCA
hr_tax_office_2437,2437,PESO DA REGUA
hr_tax_office_2445,2445,RIBEIRA DE PENA
hr_tax_office_2453,2453,SABROSA
hr_tax_office_2461,2461,SANTA MARTA PENAGUIAO
hr_tax_office_2470,2470,VALPACOS
hr_tax_office_2488,2488,VILA POUCA DE AGUIAR
hr_tax_office_2496,2496,VILA REAL
hr_tax_office_2500,2500,ARMAMAR
hr_tax_office_2518,2518,CARREGAL DO SAL
hr_tax_office_2526,2526,CASTRO DAIRE
hr_tax_office_2534,2534,CINFAES
hr_tax_office_2542,2542,LAMEGO
hr_tax_office_2550,2550,MANGUALDE
hr_tax_office_2569,2569,MOIMENTA DA BEIRA
hr_tax_office_2577,2577,MORTAGUA
hr_tax_office_2585,2585,NELAS
hr_tax_office_2593,2593,OLIVEIRA DE FRADES
hr_tax_office_2607,2607,PENALVA DO CASTELO
hr_tax_office_2615,2615,PENEDONO
hr_tax_office_2623,2623,RESENDE
hr_tax_office_2631,2631,S.JOAO DA PESQUEIRA
hr_tax_office_2640,2640,S.PEDRO DO SUL
hr_tax_office_2658,2658,SANTA COMBA DAO
hr_tax_office_2666,2666,SATAO
hr_tax_office_2674,2674,SERNANCELHE
hr_tax_office_2682,2682,TABUACO
hr_tax_office_2690,2690,TAROUCA
hr_tax_office_2704,2704,TONDELA
hr_tax_office_2712,2712,VILA NOVA DE PAIVA
hr_tax_office_2720,2720,VISEU
hr_tax_office_2739,2739,VOUZELA
hr_tax_office_2747,2747,ANGRA DO HEROISMO
hr_tax_office_2755,2755,CALHETA ( S.JORGE )
hr_tax_office_2763,2763,PRAIA DA VITORIA
hr_tax_office_2771,2771,S.CRUZ DA GRACIOSA
hr_tax_office_2780,2780,VELAS
hr_tax_office_2798,2798,CALHETA - MADEIRA
hr_tax_office_2801,2801,CAMARA DE LOBOS
hr_tax_office_2810,2810,FUNCHAL-1.
hr_tax_office_2828,2828,MACHICO
hr_tax_office_2836,2836,PONTA DO SOL
hr_tax_office_2844,2844,PORTO MONIZ
hr_tax_office_2852,2852,PORTO SANTO
hr_tax_office_2860,2860,RIBEIRA BRAVA
hr_tax_office_2879,2879,S.VICENTE (MADEIRA)
hr_tax_office_2887,2887,SANTA CRUZ (MADEIRA)
hr_tax_office_2895,2895,SANTANA
hr_tax_office_2909,2909,CORVO
hr_tax_office_2917,2917,HORTA
hr_tax_office_2925,2925,LAJES DAS FLORES
hr_tax_office_2933,2933,LAGES DO PICO
hr_tax_office_2941,2941,MADALENA
hr_tax_office_2950,2950,S.ROQUE DO PICO
hr_tax_office_2968,2968,S.CRUZ DAS FLORES
hr_tax_office_2976,2976,LAGOA (S. MIGUEL)
hr_tax_office_2984,2984,NORDESTE
hr_tax_office_2992,2992,PONTA DELGADA
hr_tax_office_3000,3000,POVOACAO
hr_tax_office_3018,3018,RIBEIRA GRANDE
hr_tax_office_3026,3026,VILA FRANCA DO CAMPO
hr_tax_office_3034,3034,VILA DO PORTO
hr_tax_office_3042,3042,VENDAS NOVAS
hr_tax_office_3050,3050,COIMBRA-2.
hr_tax_office_3069,3069,LISBOA-1
hr_tax_office_3085,3085,LISBOA-3
hr_tax_office_3107,3107,LISBOA-8
hr_tax_office_3131,3131,AMADORA-1.
hr_tax_office_3140,3140,AMADORA-2.
hr_tax_office_3158,3158,LOURES-3
hr_tax_office_3166,3166,SINTRA-4. QUELUZ
hr_tax_office_3174,3174,PORTO-1
hr_tax_office_3182,3182,PORTO-2
hr_tax_office_3190,3190,PORTO-5
hr_tax_office_3204,3204,VILA NOVA DE GAIA-2.
hr_tax_office_3212,3212,ALMADA-2. C.PIEDADE
hr_tax_office_3239,3239,LISBOA-7
hr_tax_office_3247,3247,LISBOA-2
hr_tax_office_3255,3255,LISBOA-10
hr_tax_office_3263,3263,LISBOA-5
hr_tax_office_3301,3301,LISBOA-4
hr_tax_office_3328,3328,LISBOA-9
hr_tax_office_3336,3336,LISBOA-6
hr_tax_office_3344,3344,LISBOA-11
hr_tax_office_3360,3360,PORTO-3
hr_tax_office_3387,3387,PORTO-4
hr_tax_office_3409,3409,ALMADA-3. C.CAPARICA
hr_tax_office_3417,3417,AVEIRO-2.
hr_tax_office_3425,3425,BRAGA-2.
hr_tax_office_3433,3433,CASCAIS-2.
hr_tax_office_3441,3441,FEIRA-2
hr_tax_office_3450,3450,FUNCHAL-2.
hr_tax_office_3468,3468,GONDOMAR-2
hr_tax_office_3476,3476,GUIMARAES-2.
hr_tax_office_3492,3492,LOURES-4.
hr_tax_office_3514,3514,MATOSINHOS-2.
hr_tax_office_3522,3522,OEIRAS-3.ALGES
hr_tax_office_3530,3530,SETUBAL 2.
hr_tax_office_3549,3549,SINTRA-2. ALGUEIRAO
hr_tax_office_3557,3557,SINTRA-3. CACEM
hr_tax_office_3565,3565,VALONGO-2. ERMESINDE
hr_tax_office_3573,3573,VILA FRANCA XIRA-2.
hr_tax_office_3590,3590,VILA N.FAMALICAO 2.
hr_tax_office_3603,3603,LEIRIA-2.
hr_tax_office_3611,3611,AMADORA-3.
hr_tax_office_3654,3654,OEIRAS-2.
hr_tax_office_3697,3697,SEIXAL-2.
hr_tax_office_3735,3735,FEIRA-3
hr_tax_office_3794,3794,CASTELO BRANCO-2.
hr_tax_office_3824,3824,FIGUEIRA DA FOZ 2.
hr_tax_office_3859,3859,LOULE-2
hr_tax_office_3964,3964,VILA NOVA DE GAIA-3
hr_tax_office_4170,4170,FEIRA-4
hr_tax_office_4200,4200,VIZELA
hr_tax_office_4219,4219,TROFA
hr_tax_office_4227,4227,ODIVELAS
